,Stock1,Stock2
0,GOOG,GOOGL
1,NWS,NWSA
2,FOX,FOXA
3,DHI,LEN
4,ETN,PH
5,IR,PH
6,BLDR,PHM
7,PCAR,PH
8,HWM,TDG
9,LEN,NVR
10,CDNS,SNPS
11,PH,TDG
12,HWM,IR
13,LEN,PHM
14,ETN,IR
15,FICO,PCAR
16,IR,PCAR
17,DHI,PHM
18,IR,TDG
19,HWM,PH
20,MA,V
21,AVGO,NVDA
22,CCI,SBAC
23,AVGO,LRCX
24,DECK,PCAR
25,IR,TT
26,ETN,PCAR
27,DHI,NVR
28,AMAT,LRCX
29,GE,NVR
30,APH,WAB
31,FICO,TDG
32,NVR,PHM
33,DECK,FICO
34,CPT,MAA
35,META,NVDA
36,PHM,TDG
37,HWM,PCAR
38,MLM,VMC
39,PCAR,TT
40,KEY,TFC
41,LEN,TDG
42,LRCX,NVDA
43,URI,WAB
44,BLDR,NVR
45,PCAR,TDG
46,APH,TT
47,CTAS,FICO
48,FICO,IR
49,HWM,LEN
50,ETN,TDG
51,FICO,PH
52,GWW,PCAR
53,FI,HWM
54,IR,KLAC
55,CTAS,TT
56,IR,PTC
57,DECK,TT
58,DECK,IR
59,BLDR,LEN
60,APH,IR
61,PH,TT
62,CMA,TFC
63,FITB,PNC
64,AVGO,PHM
65,GE,TDG
66,FICO,LEN
67,CTAS,DECK
68,FICO,PHM
69,AVGO,KLAC
70,IR,WAB
71,CTAS,IR
72,FICO,TT
73,DECK,GWW
74,FI,TDG
75,DECK,HWM
76,MCO,SPGI
77,AVGO,TDG
78,CDNS,CPRT
79,GWW,HWM
80,PCAR,PTC
81,ETN,HWM
82,CDNS,TDG
83,AJG,MMC
84,CPRT,GE
85,KLAC,PH
86,BKNG,GE
87,CTAS,PCAR
88,KLAC,LRCX
89,NVR,TDG
90,META,MSFT
91,KLAC,PTC
92,DECK,TDG
93,BLDR,TDG
94,TDG,UBER
95,KLAC,TDG
96,PH,PHM
97,CTAS,PTC
98,GWW,TDG
99,ETN,KLAC
100,FICO,PTC
101,TDG,V
102,ETN,FICO
103,DHI,FICO
104,JPM,WAB
105,AVB,ESS
106,AVGO,BLDR
107,LRCX,MLM
108,LEN,PCAR
109,BLDR,NVDA
110,CDNS,FICO
111,GWW,IR
112,AVGO,UBER
113,TT,WAB
114,BLDR,DHI
115,AVGO,MLM
116,HWM,NVR
117,CTAS,TDG
118,IR,LEN
119,PH,WAB
120,AVGO,ETN
121,FICO,HWM
122,ETN,TT
123,PH,URI
124,MLM,UBER
125,GWW,PH
126,APH,URI
127,GE,PHM
128,HWM,PHM
129,BLDR,HWM
130,GE,HWM
131,GE,LIN
132,AVGO,PH
133,CBOE,LLY
134,BSX,GE
135,TT,URI
136,CPRT,SNPS
137,DECK,PH
138,HWM,KLAC
139,PH,PTC
140,FI,GWW
141,CTAS,KLAC
142,FI,LEN
143,DHI,TDG
144,LEN,PH
145,DECK,PTC
146,AME,ITW
147,DECK,LEN
148,TDG,TT
149,PCAR,PHM
150,FICO,KLAC
151,BLDR,PH
152,DHI,HWM
153,BLDR,GE
154,CBOE,FICO
155,IR,URI
156,FICO,GWW
157,ANET,FICO
158,BKNG,TDG
159,LVS,WYNN
160,BKNG,PHM
161,BSX,NVR
162,ARE,DOC
163,ETN,PHM
164,AMAT,NVDA
165,LRCX,TDG
166,BLDR,ETN
167,BSX,TDG
168,GE,LEN
169,CTAS,PH
170,PCAR,WAB
171,GWW,TT
172,ETN,NVDA
173,APH,PH
174,APH,PTC
175,NVDA,TDG
176,CDNS,PHM
177,COR,CTAS
178,ANET,CTAS
179,CTAS,HWM
180,CPRT,PHM
181,BLDR,MLM
182,CCI,D
183,ANET,TT
184,CFG,KEY
185,KLAC,PCAR
186,BSX,HWM
187,ANET,TDG
188,CTAS,ETN
189,BKNG,PNR
190,BKNG,NVR
191,MLM,NVDA
192,HLT,MAR
193,AVGO,META
194,GE,PH
195,MLM,TDG
196,APH,CTAS
197,CDNS,GWW
198,ACGL,EG
199,GWW,LEN
200,PTC,TT
201,ANET,CBOE
202,AJG,CAH
203,IR,JPM
204,MSI,ORLY
205,BLDR,LRCX
206,LRCX,MAR
207,ANET,AVGO
208,GWW,MSI
209,DHI,PCAR
210,CAH,MSI
211,ANET,ETN
212,HUBB,PWR
213,MAA,UDR
214,LRCX,META
215,CPT,UDR
216,ANET,UBER
217,BAC,FITB
218,PH,UBER
219,BLDR,PNR
220,MSFT,NVDA
221,ETN,UBER
222,KLAC,SNPS
223,PTC,TDG
224,IRM,MAR
225,HWM,V
226,DECK,ETN
227,IR,PHM
228,HWM,WAB
229,PTC,WAB
230,JBL,PCAR
231,HWM,TT
232,FICO,NVR
233,AVB,EQR
234,GE,PCAR
235,CTAS,GWW
236,FICO,SNPS
237,FI,IR
238,CDNS,PCAR
239,FICO,GE
240,BKNG,V
241,CDNS,PH
242,BSX,SYK
243,MSFT,NOW
244,BKNG,PH
245,CEG,MCK
246,DOC,MAA
247,CDNS,DECK
248,ETN,MLM
249,LRCX,UBER
250,AVGO,COR
251,APH,KLAC
252,ETN,LLY
253,HWM,PTC
254,IR,UBER
255,NVR,PH
256,CRM,NOW
257,JPM,PH
258,SNPS,TDG
259,BSX,LEN
260,CBOE,CTAS
261,IT,TT
262,DHI,GE
263,BLDR,CPRT
264,PCAR,URI
265,JPM,URI
266,DHI,IR
267,EQR,ESS
268,CAH,MCK
269,CPRT,TDG
270,LEN,PTC
271,ETN,GE
272,BLDR,IR
273,DECK,PHM
274,CDNS,HWM
275,LLY,MCK
276,NVDA,PHM
277,ANET,PH
278,CMS,DTE
279,CMA,KEY
280,HWM,LIN
281,KLAC,PHM
282,ETN,JBL
283,CPRT,JBL
284,GE,NVDA
285,AVGO,IR
286,CTAS,IT
287,CAH,ORLY
288,AVGO,MAR
289,KEY,PNC
290,EQR,UDR
291,DHI,PH
292,AMD,CRM
293,ANET,CDNS
294,PH,V
295,ETN,IRM
296,GE,IR
297,BSX,IR
298,FI,PH
299,BKNG,LIN
300,NVDA,PH
301,CPRT,NVR
302,CPRT,LIN
303,NVDA,UBER
304,JBL,PH
305,APH,PCAR
306,CBOE,DECK
307,LRCX,PH
308,COR,TDG
309,KLAC,MLM
310,MAR,UBER
311,NVR,PCAR
312,LRCX,PNR
313,LRCX,PHM
314,ES,EVRG
315,ETN,PTC
316,JBL,SNPS
317,IR,NVR
318,CCI,IFF
319,LRCX,MSFT
320,COR,PCAR
321,APH,ETN
322,CDNS,JBL
323,AVGO,HWM
324,AMAT,PNR
325,AMP,WAB
326,ETN,VMC
327,CAH,TJX
328,AMAT,AVGO
329,CDNS,GE
330,CRM,MSFT
331,BSX,GWW
332,MLM,PH
333,CDNS,CTAS
334,DECK,DHI
335,CDNS,LEN
336,ETN,LRCX
337,JPM,TDG
338,COR,HWM
339,TDG,WAB
340,AVGO,FICO
341,AVGO,IRM
342,KLAC,WAB
343,BKNG,BLDR
344,AVGO,MSFT
345,JPM,PCAR
346,ANET,DECK
347,ANET,IR
348,FI,NVR
349,CPRT,ORCL
350,BKNG,MA
351,DECK,FI
352,IR,MLM
353,CTAS,LEN
354,IRM,TDG
355,COR,ETN
356,IRM,PH
357,IR,V
358,NVDA,PNR
359,AME,VMC
360,ANET,PCAR
361,ETN,WAB
362,AMP,URI
363,MAR,MLM
364,COR,IR
365,AEP,XEL
366,AVGO,PCAR
367,PCAR,TJX
368,BKNG,MAR
369,AVGO,CDNS
370,FAST,LRCX
371,DECK,KLAC
372,AME,IR
373,CDNS,ETN
374,CTAS,WAB
375,PHM,SNPS
376,AMAT,MLM
377,EQIX,MCO
378,KLAC,UBER
379,KLAC,TT
380,MA,TDG
381,BSX,FICO
382,BLDR,CDNS
383,CBOE,SNPS
384,BLDR,PCAR
385,CDNS,KLAC
386,PNC,USB
387,COR,KLAC
388,BKNG,ETN
389,PHM,PTC
390,TDG,URI
391,ORLY,TJX
392,COR,PH
393,IRM,UBER
394,BLDR,FI
395,NVR,V
396,APH,TDG
397,MLM,PHM
398,CPRT,FICO
399,CTAS,IRM
400,NVR,PNR
401,ITW,OTIS
402,DTE,LNT
403,HWM,JPM
404,GE,GWW
405,CDNS,IR
406,D,TSN
407,AVGO,SNPS
408,FITB,USB
409,BSX,DECK
410,CDNS,FI
411,MAR,TDG
412,COR,DECK
413,LIN,TDG
414,ETN,LEN
415,FMC,KVUE
416,KLAC,V
417,BLDR,FICO
418,FI,PHM
419,LIN,PCAR
420,ACGL,ORLY
421,FICO,JBL
422,PH,SNPS
423,MAR,PH
424,CPRT,LEN
425,APH,HWM
426,CARR,ODFL
427,FICO,V
428,DHI,PTC
429,PHM,PNR
430,BSX,FI
431,CPRT,DHI
432,CBOE,PCAR
433,AVGO,LEN
434,HWM,MA
435,LEN,V
436,KLAC,NVDA
437,ETN,GWW
438,AFL,TJX
439,DHI,FI
440,ACGL,TJX
441,CTAS,UBER
442,GE,PNR
443,HWM,MLM
444,KMB,KVUE
445,IRM,MLM
446,AMP,JPM
447,CPRT,HWM
448,KLAC,LEN
449,IR,IRM
450,JPM,V
451,CPT,DOC
452,HWM,NVDA
453,CAH,DECK
454,AVGO,BKNG
455,ITW,SNA
456,CTAS,MSI
457,AVGO,PANW
458,GWW,PTC
459,CBOE,CDNS
460,CTAS,VRTX
461,IR,VMC
462,CDNS,NVR
463,IR,LRCX
464,APH,IT
465,GE,V
466,CCI,TSN
467,PHM,V
468,COR,FICO
469,ETN,SNPS
470,LRCX,V
471,FICO,MSI
472,ETN,MAR
473,MLM,MSFT
474,AVGO,CTAS
475,ETN,NVR
476,CDNS,NVDA
477,BKNG,HWM
478,IRM,KLAC
479,AME,AMP
480,CTAS,PHM
481,BLDR,VMC
482,MSFT,PANW
483,LIN,NVR
484,FI,PCAR
485,INTU,UBER
486,DHI,GWW
487,MPC,PSX
488,ETN,URI
489,PH,VMC
490,TT,UBER
491,HWM,LRCX
492,CMS,LNT
493,CPT,MTCH
494,AME,JPM
495,CAH,CTAS
496,AMD,NOW
497,DECK,VRTX
498,BKNG,FICO
499,ANET,KLAC
500,BLDR,KLAC
501,LRCX,MA
502,CTAS,SNPS
503,PHM,UBER
504,CMG,FI
505,CAT,JPM
506,FICO,LIN
507,HWM,UBER
508,KEY,USB
509,DHI,SNA
510,MA,MAR
511,FAST,NOW
512,GE,JBL
513,CDW,URI
514,AMP,ROST
515,BSX,PCAR
516,CAH,GWW
517,CMG,TDG
518,ITW,MCHP
519,EVRG,WEC
520,LEN,TT
521,COR,JPM
522,AOS,PNR
523,CAH,PCAR
524,BKNG,LEN
525,AEE,WEC
526,LRCX,NXPI
527,AME,HWM
528,BSX,CTAS
529,CTAS,DHI
530,NVDA,NVR
531,ETN,JPM
532,DECK,MSI
533,PANW,UBER
534,UDR,ZBRA
535,ANET,SNPS
536,LIN,PH
537,INTU,NOW
538,MCO,ROP
539,MCK,VRTX
540,ANET,PHM
541,AVGO,NVR
542,FI,V
543,HWM,URI
544,BKNG,LRCX
545,HWM,PWR
546,BR,INTU
547,CBOE,ETN
548,BLDR,UBER
549,PCAR,SNPS
550,ADI,MCHP
551,IFF,SBAC
552,HWM,VMC
553,PNC,TFC
554,GWW,NVR
555,DECK,UBER
556,CBOE,TT
557,CRM,META
558,APH,DECK
559,FAST,MSFT
560,FICO,WAB
561,AVGO,GE
562,JPM,LEN
563,ANET,APH
564,WEC,XEL
565,ANET,NVDA
566,AMAT,NXPI
567,AOS,NVR
568,BAX,TSN
569,AEP,ES
570,BKNG,NVDA
571,AOS,V
572,APH,UBER
573,BKNG,IR
574,BSX,DHI
575,COR,MLM
576,LIN,PHM
577,CPRT,PH
578,IR,LIN
579,IEX,VLTO
580,BKNG,PCAR
581,CRL,VLTO
582,CTAS,MCK
583,DECK,WAB
584,COR,PHM
585,GWW,PHM
586,FIS,TSN
587,JPM,TT
588,KLAC,MA
589,FICO,UBER
590,MAR,V
591,DHI,ETN
592,LIN,V
593,IR,NVDA
594,META,PNR
595,ETN,LIN
596,BSX,LIN
597,FAST,HLT
598,APH,FICO
599,CPRT,ETN
600,NOW,PANW
601,CBOE,TDG
602,IRM,LRCX
603,CPRT,NVDA
604,AOS,TDG
605,FICO,JPM
606,AMAT,META
607,IRM,PHM
608,PCAR,V
609,AVGO,PTC
610,CDNS,PTC
611,MA,PH
612,LEN,WAB
613,AVGO,FAST
614,DHI,JPM
615,CTAS,V
616,CAT,URI
617,MAR,NVDA
618,APH,JPM
619,MLM,RCL
620,IR,MA
621,MPC,TJX
622,CBOE,MCK
623,FAST,MAR
624,LRCX,NOW
625,AME,BSX
626,BLDR,PWR
627,BLDR,META
628,CRM,ECL
629,JBL,PHM
630,IT,PTC
631,AJG,TJX
632,ADI,OTIS
633,HWM,IRM
634,FICO,LLY
635,NXPI,VLTO
636,COR,PTC
637,CDNS,CMG
638,DHI,KLAC
639,IRM,MA
640,CDNS,DHI
641,BLDR,DECK
642,PCAR,UBER
643,BSX,PH
644,FI,FICO
645,TDG,VMC
646,CRM,FAST
647,V,WAB
648,CPRT,GWW
649,CPRT,PCAR
650,JBL,LLY
651,AVGO,V
652,FI,GE
653,DECK,NVR
654,AXON,MSI
655,CAH,HUBB
656,JBL,TDG
657,L,PKG
658,BSX,V
659,AVB,INVH
660,FAST,UBER
661,BKNG,DHI
662,MLM,PNR
663,COST,INTU
664,IRM,PCAR
665,NVDA,SNPS
666,PNR,RCL
667,FICO,TJX
668,DRI,ITW
669,DECK,GE
670,PNR,TDG
671,BSX,COR
672,CAH,FICO
673,BSX,MSI
674,IRM,V
675,BKNG,IRM
676,COR,WAB
677,LEN,SNA
678,BKNG,CPRT
679,CTAS,LLY
680,HUBB,PCAR
681,ETN,V
682,ACN,NOW
683,AVGO,DECK
684,FITB,KEY
685,AJG,CPRT
686,BSX,TT
687,DHI,LIN
688,AMD,FAST
689,AMP,APH
690,LLY,PCAR
691,CPRT,MMC
692,AME,GE
693,AVGO,DHI
694,HWM,SNPS
695,HUBB,SNA
696,AVGO,PNR
697,GE,JPM
698,IT,ROST
699,ANET,IRM
700,CBOE,PHM
701,MAR,PNR
702,D,SBAC
703,JPM,MA
704,AMAT,FAST
705,AJG,ORLY
706,LEN,LIN
707,ACGL,AJG
708,AMAT,KLAC
709,CBOE,PH
710,CTAS,FI
711,BAC,PNC
712,COR,TT
713,MAR,ROP
714,CMG,UBER
715,CAT,WAB
716,PTC,SNPS
717,JPM,NVR
718,CAG,KVUE
719,COR,IRM
720,MA,ROP
721,CPRT,SNA
722,AMAT,MAR
723,CBOE,JBL
724,ANET,GWW
725,BKNG,CDNS
726,CMG,DECK
727,ANET,LRCX
728,DECK,SNPS
729,APH,CDW
730,AME,DHI
731,IR,MAR
732,META,NOW
733,AJG,MCK
734,KLAC,VMC
735,DECK,LLY
736,AME,PH
737,AME,DRI
738,FAST,MLM
739,AOS,LEN
740,ROST,TT
741,MA,NVR
742,NVDA,VMC
743,IR,SNPS
744,FAST,META
745,CAH,SNA
746,RL,URI
747,CPT,EQR
748,AME,LEN
749,AOS,GE
750,PH,PNR
751,BKNG,JPM
752,CDW,TT
753,KVUE,PODD
754,DHI,PWR
755,LEN,MSI
756,AMAT,TDG
757,ANET,PTC
758,ARE,NTRS
759,AME,OTIS
760,CFG,TFC
761,COR,NVDA
762,FICO,URI
763,AMP,TT
764,CPRT,PWR
765,META,UBER
766,ETN,HUBB
767,GWW,LIN
768,PTC,URI
769,ANET,HWM
770,COR,LLY
771,GWW,HUBB
772,DHI,V
773,JBL,LIN
774,JPM,MAR
775,COR,LEN
776,META,PANW
777,AMAT,ROP
778,AJG,MSI
779,DECK,MCK
780,LIN,MA
781,IR,PWR
782,MA,PNR
783,BSX,PHM
784,HWM,MSI
785,GWW,SNA
786,HSY,KVUE
787,APH,IRM
788,FRT,KIM
789,NVR,PWR
790,CTAS,MLM
791,MSI,PCAR
792,COR,UBER
793,LRCX,NVR
794,AMP,CAT
795,JPM,KLAC
796,EQIX,MA
797,AME,PCAR
798,MLM,ROP
799,BSX,ETN
800,GE,SYK
801,GE,MA
802,AME,NVR
803,AVGO,JBL
804,MSFT,UBER
805,DRI,SNA
806,LRCX,VMC
807,CBOE,PTC
808,FI,PTC
809,BSX,CMG
810,AOS,BKNG
811,IT,WAB
812,AMAT,AOS
813,ACN,NTAP
814,LRCX,SNPS
815,LEN,PWR
816,LEN,MLM
817,FICO,IRM
818,AME,TJX
819,ANET,MAR
820,CDNS,MSI
821,AMP,IT
822,GWW,ORLY
823,LLY,PH
824,ROP,V
825,ANET,PANW
826,PTC,UBER
827,ANET,V
828,HUBB,ORLY
829,GE,LRCX
830,JPM,PHM
831,KLAC,URI
832,BLDR,SNPS
833,INTU,PANW
834,CBOE,UBER
835,LRCX,ROP
836,AEP,WEC
837,ADBE,NOW
838,CDNS,UBER
839,ACGL,LIN
840,CRM,LRCX
841,FICO,VRTX
842,ANET,COR
843,AOS,PHM
844,D,FIS
845,ETN,MA
846,CMI,VLTO
847,FI,TT
848,AJG,JBL
849,NVDA,PANW
850,CMG,GWW
851,AMAT,VMC
852,AOS,EQIX
853,GWW,JBL
854,FICO,IT
855,KLAC,MAR
856,URI,V
857,BLDR,BSX
858,APH,LEN
859,CTAS,LIN
860,JPM,NFLX
861,CMG,LEN
862,META,MLM
863,CDNS,V
864,CTAS,JPM
865,DHI,WAB
866,JPM,PTC
867,CPRT,MSI
868,AVGO,JPM
869,CMA,CVS
870,NXPI,PNR
871,BSX,JPM
872,PTC,VRTX
873,IR,JBL
874,JPM,RL
875,CMG,HWM
876,PCAR,VRTX
877,PNR,VMC
878,IRM,TT
879,MAR,RCL
880,NVDA,PCAR
881,ANET,BKNG
882,AME,WAB
883,GE,PWR
884,KLAC,LLY
885,AVGO,VMC
886,FI,UBER
887,HCA,SYK
888,AMAT,MA
889,DHI,TT
890,AMP,IR
891,MSFT,PHM
892,BLDR,MSFT
893,SNPS,UBER
894,CDNS,TT
895,BLDR,GWW
896,RCL,ROP
897,MSI,TT
898,MAA,RVTY
899,GWW,KLAC
900,IRM,ROP
901,DHI,MSI
902,PCAR,PWR
903,AME,NFLX
904,NFLX,TDG
905,MSI,SNA
906,CAG,CPB
907,HUBB,IR
908,LLY,SNPS
909,MSI,TDG
910,PTC,V
911,GWW,WAB
912,MAR,PHM
913,LLY,NVDA
914,NVDA,V
915,JBL,KLAC
916,IR,IT
917,IRM,PTC
918,ETN,FI
919,ANET,GE
920,AME,SNA
921,CBOE,KLAC
922,GWW,SNPS
923,AVGO,LLY
924,MCK,PCAR
925,AVGO,CPRT
926,BAX,MTCH
927,BLDR,PTC
928,BLDR,COR
929,AME,LIN
930,COR,V
931,RCL,VMC
932,AZO,ORLY
933,AOS,DHI
934,IR,TJX
935,LEN,LRCX
936,JBL,TJX
937,ROST,TJX
938,IRM,JPM
939,BLDR,MAR
940,ROST,WAB
941,AVGO,MA
942,BKNG,BSX
943,BLDR,CMG
944,RVTY,WBA
945,APH,GWW
946,DOV,VLTO
947,TJX,TT
948,DRI,ORLY
949,HLT,UBER
950,COR,LIN
951,NVR,SYK
952,CPRT,IR
953,AFL,CAH
954,GWW,URI
955,JPM,MLM
956,PNR,V
957,META,PHM
958,AMAT,MSFT
959,AMP,ITW
960,PHM,TT
961,CDNS,LRCX
962,COR,GWW
963,AFL,AJG
964,BLDR,V
965,GE,NFLX
966,HRL,PFE
967,GE,VMC
968,BSX,MA
969,AME,ETN
970,IR,NFLX
971,BALL,SWK
972,GRMN,NOW
973,IRM,WAB
974,ACGL,GE
975,BKNG,JBL
976,FAST,PANW
977,TT,V
978,ANET,LEN
979,JPM,VMC
980,GNRC,MTCH
981,ITW,LEN
982,ECL,MSFT
983,AOS,LRCX
984,BLDR,IRM
985,CAH,CEG
986,AVGO,NOW
987,GE,SNPS
988,CBOE,IR
989,FICO,NVDA
990,MSI,TJX
991,ANET,LLY
992,CMG,RSG
993,INTU,MAR
994,LEN,UBER
995,JPM,LIN
996,MSFT,TDG
997,HWM,JBL
998,GWW,PWR
999,FI,MSI
1000,CDNS,LIN
1001,MAR,META
1002,LLY,VRTX
1003,APH,MLM
1004,GE,ORCL
1005,JBL,NVDA
1006,ETN,PWR
1007,META,TDG
1008,IRM,NVDA
1009,LIN,MSI
1010,MCK,PTC
1011,ETN,PNR
1012,CTSH,FFIV
1013,COR,MCK
1014,MAR,URI
1015,CBOE,COR
1016,MAR,WAB
1017,KLAC,NVR
1018,CBOE,VRTX
1019,RL,WAB
1020,DHI,ITW
1021,CTAS,URI
1022,DECK,URI
1023,AME,TDG
1024,AMAT,GE
1025,AVGO,CBOE
1026,PH,PWR
1027,LEN,SNPS
1028,APH,AVGO
1029,EL,ES
1030,HUBB,TJX
1031,HUBB,HWM
1032,CB,HIG
1033,FAST,NVDA
1034,RSG,UBER
1035,DECK,V
1036,GE,KLAC
1037,FI,PWR
1038,AOS,MCO
1039,FI,WAB
1040,IR,LLY
1041,LEN,URI
1042,BSX,CDNS
1043,CMA,MTB
1044,BKNG,RCL
1045,ANET,INTU
1046,CAH,VRTX
1047,NVDA,SMCI
1048,CAH,JBL
1049,CPRT,KLAC
1050,AMAT,ETN
1051,MSFT,SNPS
1052,AMAT,BKNG
1053,CPRT,CTAS
1054,CTAS,JBL
1055,BAX,CPT
1056,ETN,TJX
1057,AVGO,TT
1058,CTAS,GE
1059,BLDR,HUBB
1060,AMD,LRCX
1061,BLDR,CTAS
1062,AME,GWW
1063,PWR,SNA
1064,CAH,TT
1065,IR,MSI
1066,APH,V
1067,ODFL,PH
1068,IRM,VMC
1069,APH,FI
1070,MA,WAB
1071,PHM,PWR
1072,JPM,LRCX
1073,CMG,CTAS
1074,BXP,MTCH
1075,AMAT,V
1076,DHI,MLM
1077,LIN,MMC
1078,BLDR,LIN
1079,AFL,ROST
1080,KLAC,LIN
1081,AMT,SBAC
1082,COR,DHI
1083,BKNG,KLAC
1084,COR,GE
1085,CARR,PNR
1086,AVGO,WAB
1087,BKNG,FI
1088,BSX,NFLX
1089,FICO,LRCX
1090,AVGO,ROP
1091,CRM,PANW
1092,AMAT,PH
1093,COR,VMC
1094,CMG,MLM
1095,AMAT,EQIX
1096,CAH,PTC
1097,BSX,CPRT
1098,HWM,MAR
1099,MLM,NVR
1100,AMD,MSFT
1101,JBL,ODFL
1102,CTAS,TJX
1103,GE,MLM
1104,AVGO,RCL
1105,AMAT,RCL
1106,ACGL,JBL
1107,COR,LRCX
1108,CMG,CPRT
1109,LEN,NVDA
1110,CDNS,LLY
1111,ES,WEC
1112,CMG,PHM
1113,MA,NVDA
1114,AMAT,BLDR
1115,MCD,MDLZ
1116,DECK,JBL
1117,ANET,URI
1118,DECK,IT
1119,LLY,PHM
1120,ANET,BSX
1121,TFC,USB
1122,LIN,SNA
1123,LEN,MA
1124,APH,MAR
1125,UBER,URI
1126,EVRG,KVUE
1127,CMS,DUK
1128,DECK,TJX
1129,AMAT,UBER
1130,FAST,ROP
1131,MA,PHM
1132,LRCX,PTC
1133,CDW,WAB
1134,CTAS,NVR
1135,HUBB,PH
1136,CARR,ETN
1137,ANET,MLM
1138,CPRT,HUBB
1139,ECL,FAST
1140,MPC,PCAR
1141,ETN,ODFL
1142,NOW,UBER
1143,BKNG,META
1144,AJG,CBOE
1145,CPRT,V
1146,HES,XOM
1147,DECK,LIN
1148,ORLY,SNA
1149,CPRT,FI
1150,FI,KLAC
1151,PH,TJX
1152,AME,PWR
1153,ANET,BLDR
1154,RSG,WM
1155,BKNG,ROP
1156,IT,PCAR
1157,MLM,PCAR
1158,ACGL,CPRT
1159,ETN,MMC
1160,BMY,PFE
1161,IRM,LIN
1162,CPRT,MLM
1163,APH,LRCX
1164,FI,URI
1165,COR,MAR
1166,ROST,URI
1167,COR,MA
1168,BLDR,JBL
1169,LRCX,PCAR
1170,MLM,NFLX
1171,GWW,ITW
1172,LRCX,PANW
1173,MLM,V
1174,UBER,WAB
1175,APH,COR
1176,LW,MNST
1177,UBER,V
1178,AXON,TJX
1179,PCAR,SNA
1180,IRM,SNPS
1181,FI,MLM
1182,PHM,VMC
1183,AXON,ORLY
1184,AME,ORLY
1185,PHM,RCL
1186,NFLX,VMC
1187,CAH,IR
1188,MCD,MNST
1189,CPRT,DECK
1190,CCI,FIS
1191,AVGO,FI
1192,SBAC,TSN
1193,UBER,VMC
1194,ANET,JBL
1195,BSX,ORLY
1196,EL,KVUE
1197,AMT,CCI
1198,KVUE,NEE
1199,PHM,WAB
1200,AMP,PCAR
1201,HES,SLB
1202,MA,PCAR
1203,JPM,RCL
1204,CPRT,PNR
1205,MLM,WAB
1206,AVGO,URI
1207,GE,MSI
1208,AJG,LLY
1209,MA,MLM
1210,ADBE,MSFT
1211,MCO,NOW
1212,JBL,MCK
1213,CDNS,PWR
1214,CPT,PARA
1215,AVGO,GWW
1216,PCAR,VMC
1217,CDNS,MSFT
1218,GWW,V
1219,AOS,ROP
1220,EQIX,ROP
1221,EXPD,ITW
1222,CPRT,VMC
1223,GE,TT
1224,MMC,VRSK
1225,ACGL,CAH
1226,PCAR,PSX
1227,AEE,EVRG
1228,BK,SPG
1229,ITW,NVR
1230,CAH,HWM
1231,SNPS,V
1232,FAST,INTU
1233,LEN,PNR
1234,BLDR,RCL
1235,EQIX,V
1236,CAH,CBOE
1237,ECL,NOW
1238,MCO,MLM
1239,LLY,TDG
1240,MMC,VMC
1241,QRVO,VLTO
1242,HWM,SNA
1243,BKNG,SNPS
1244,AME,CAT
1245,MLM,PANW
1246,CRM,NVDA
1247,HLT,NWS
1248,CPRT,MSFT
1249,BLDR,MA
1250,CMG,IR
1251,GWW,UBER
1252,AMD,ECL
1253,MCHP,OTIS
1254,ANET,NVR
1255,CAH,DHI
1256,NVR,TT
1257,PHM,SNA
1258,GWW,VRTX
1259,JPM,UBER
1260,CTAS,MA
1261,ITW,LIN
1262,BSX,NVDA
1263,INTU,LRCX
1264,NVR,PTC
1265,CARR,PH
1266,ACN,COST
1267,FICO,MA
1268,COP,EOG
1269,HUBB,VMC
1270,CDNS,VRTX
1271,FI,MA
1272,BLDR,JPM
1273,LIN,TJX
1274,MLM,SNPS
1275,DHI,SNPS
1276,ETN,MCK
1277,IRM,MMC
1278,EQIX,PNR
1279,MLM,PTC
1280,GE,IRM
1281,MSFT,PNR
1282,MSFT,ROP
1283,NVR,VMC
1284,SNA,TJX
1285,GE,UBER
1286,ANET,WAB
1287,PGR,TT
1288,GWW,TJX
1289,AXON,BSX
1290,CDW,PH
1291,NVR,SNA
1292,JBL,MMC
1293,AME,HUBB
1294,GOOG,TTWO
1295,AME,APH
1296,AME,URI
1297,CARR,VMC
1298,BKNG,UBER
1299,ARE,TFC
1300,AOS,JPM
1301,ITW,PCAR
1302,HBAN,SCHW
1303,CMG,MSFT
1304,AJG,CTAS
1305,CAH,CPRT
1306,MCK,TJX
1307,MAR,VMC
1308,CBOE,HWM
1309,AVGO,INTU
1310,ACN,SPGI
1311,ORCL,SNA
1312,DECK,JPM
1313,COR,NVR
1314,AOS,PH
1315,BIO,RVTY
1316,PWR,TDG
1317,LEN,VMC
1318,LRCX,MCO
1319,NFLX,PH
1320,FICO,MLM
1321,COR,VRTX
1322,FAST,TDG
1323,AXON,ITW
1324,MAA,ZBRA
1325,FICO,MCK
1326,HUBB,JBL
1327,JBL,NVR
1328,DRI,MCD
1329,GOOGL,TTWO
1330,INCY,MRNA
1331,LRCX,WAB
1332,PHM,VRTX
1333,MA,VMC
1334,HWM,PNR
1335,DOV,IDXX
1336,PNR,ROP
1337,CTAS,ROST
1338,NOW,NVDA
1339,AMP,TJX
1340,GE,RCL
1341,ITW,TJX
1342,INTU,MSFT
1343,AOS,HWM
1344,COR,JBL
1345,ITW,JPM
1346,CAT,PH
1347,CDNS,IRM
1348,CAT,IR
1349,AVGO,BSX
1350,AMAT,NVR
1351,CMA,PNC
1352,NTRS,TFC
1353,CAT,ETN
1354,CFG,PNC
1355,MMM,SBAC
1356,LLY,UBER
1357,AIG,CB
1358,AME,TT
1359,LLY,PTC
1360,DECK,HUBB
1361,IRM,LEN
1362,DECK,IRM
1363,CAH,IT
1364,CAH,COR
1365,IRM,TRGP
1366,ECL,META
1367,AOS,MA
1368,MMC,ORCL
1369,AEP,EVRG
1370,FI,LRCX
1371,IBM,PSX
1372,JBL,TT
1373,PSX,PTC
1374,AMAT,JPM
1375,CBOE,IRM
1376,MAR,PCAR
1377,AXON,GWW
1378,LUV,VLTO
1379,BXP,ESS
1380,ANET,FI
1381,ROP,TDG
1382,GE,SNA
1383,LIN,SNPS
1384,ACGL,MSI
1385,CTAS,LRCX
1386,COST,FAST
1387,HWM,ITW
1388,CTSH,EXPE
1389,LEN,NFLX
1390,HUBB,LEN
1391,IT,URI
1392,AJG,CDNS
1393,CMG,SNPS
1394,AOS,MLM
1395,ORLY,PWR
1396,KVUE,WBA
1397,ETN,NFLX
1398,INTU,IRM
1399,JBL,PTC
1400,AOS,BLDR
1401,LEN,VRTX
1402,AMAT,IR
1403,AMP,PH
1404,CMG,DHI
1405,BKNG,MLM
1406,DECK,NVDA
1407,AME,FICO
1408,SNPS,TT
1409,JBL,LEN
1410,BSX,UBER
1411,AMAT,NOW
1412,AFL,MMC
1413,EXPD,SNA
1414,FI,IRM
1415,ITW,MSI
1416,IRM,PNR
1417,RCL,TDG
1418,ORCL,PWR
1419,CAH,PH
1420,CPRT,LRCX
1421,DHI,VMC
1422,FI,LIN
1423,APH,DHI
1424,APH,ROST
1425,CAH,LEN
1426,CBOE,GWW
1427,AVGO,LIN
1428,ORLY,PCAR
1429,AMAT,HWM
1430,LIN,PWR
1431,BLDR,LLY
1432,AJG,FICO
1433,ACGL,ORCL
1434,AMD,META
1435,CBOE,CPRT
1436,ICE,NWSA
1437,BMY,FMC
1438,CRM,INTU
1439,DECK,ORLY
1440,AFL,AMP
1441,DHI,LRCX
1442,CTLT,FIS
1443,NVR,WAB
1444,ECL,MLM
1445,AME,CTAS
1446,MAA,TECH
1447,ES,KVUE
1448,PFE,WBA
1449,CMG,FICO
1450,MSFT,VRSK
1451,CDNS,MLM
1452,BKNG,URI
1453,MA,URI
1454,DHI,HUBB
1455,MSI,PTC
1456,GE,MMC
1457,DRI,PCG
1458,AFL,CTAS
1459,AMAT,MCO
1460,JPM,ROST
1461,CMG,GE
1462,AVY,VLTO
1463,ANET,FAST
1464,ANET,IT
1465,AME,MSI
1466,GE,META
1467,HLT,NWSA
1468,CTAS,MMC
1469,GE,ODFL
1470,CEG,LLY
1471,CPRT,ORLY
1472,IR,ITW
1473,HWM,LLY
1474,AOS,FI
1475,NFLX,NVR
1476,MLM,NOW
1477,IT,KLAC
1478,AJG,SNPS
1479,MCK,TT
1480,DHI,PNR
1481,GRMN,MU
1482,DECK,PWR
1483,ANET,DHI
1484,CAH,ETN
1485,ACN,INTU
1486,FAST,MCO
1487,HWM,TJX
1488,LRCX,RCL
1489,CPT,TSN
1490,DOC,RVTY
1491,LLY,TT
1492,ECL,LRCX
1493,AOS,AVGO
1494,FI,SNPS
1495,CTAS,MAR
1496,BSX,WAB
1497,IRM,LLY
1498,DHI,JBL
1499,HBAN,RF
1500,BIO,PARA
1501,CTAS,NVDA
1502,NVR,URI
1503,GE,ITW
1504,VMC,WAB
1505,DHI,NFLX
1506,MMM,TSN
1507,MA,PTC
1508,IFF,TSN
1509,INTU,MLM
1510,BSX,KLAC
1511,NVR,SNPS
1512,RCL,UBER
1513,LIN,NVDA
1514,FICO,PWR
1515,PSX,TT
1516,BKNG,DECK
1517,GRMN,ROP
1518,MLM,NXPI
1519,BSX,URI
1520,AJG,LIN
1521,PANW,TDG
1522,IRM,LULU
1523,HWM,NFLX
1524,AOS,CPRT
1525,AXON,FICO
1526,BKNG,CTAS
1527,NVR,UBER
1528,CMG,NVR
1529,PCAR,ROST
1530,AMAT,PHM
1531,IRM,URI
1532,HUBB,MCK
1533,PTC,TJX
1534,AFL,IT
1535,IR,VRTX
1536,FICO,HUBB
1537,AVGO,NXPI
1538,CDW,TXT
1539,PSX,WAB
1540,AJG,PCAR
1541,ANET,MSFT
1542,DRI,MSI
1543,FI,NVDA
1544,CTAS,VMC
1545,ISRG,NFLX
1546,GWW,JPM
1547,APH,MA
1548,ANET,CPRT
1549,AEP,ETR
1550,FAST,IRM
1551,FAST,GRMN
1552,AVGO,CRM
1553,AAPL,VRSK
1554,MAR,PANW
1555,ITW,WAB
1556,AME,ROST
1557,CRM,UBER
1558,CAH,CDNS
1559,ECL,MCO
1560,MCO,MSFT
1561,DHI,UBER
1562,CDNS,META
1563,APH,PHM
1564,AOS,FAST
1565,CMA,USB
1566,MAR,NXPI
1567,BAX,D
1568,GE,TJX
1569,AFL,TT
1570,CTAS,LULU
1571,MAA,PARA
1572,IT,PH
1573,BKNG,CARR
1574,CDNS,HUBB
1575,IR,RL
1576,HLT,JPM
1577,GRMN,L
1578,IT,TDG
1579,AJG,HUBB
1580,PWR,VMC
1581,AVGO,SMCI
1582,CMG,MSI
1583,COR,ROP
1584,APH,VMC
1585,JPM,ROP
1586,CAH,TDG
1587,IR,MCK
1588,CAT,PCAR
1589,BSX,PTC
1590,CCI,NTRS
1591,AVGO,CMG
1592,NVDA,RCL
1593,DECK,PGR
1594,AFL,FICO
1595,HLT,URI
1596,BKNG,GWW
1597,FITB,TFC
1598,CTAS,RSG
1599,LIN,TT
1600,JPM,PNR
1601,AME,MA
1602,ODFL,PNR
1603,MSI,NVR
1604,MLM,TT
1605,HWM,RL
1606,CDW,IR
1607,GE,ORLY
1608,ARE,MAA
1609,K,KVUE
1610,LIN,PTC
1611,OTIS,PPG
1612,AOS,LIN
1613,FICO,SNA
1614,SMCI,UBER
1615,AMAT,CRM
1616,NFLX,UBER
1617,MA,MMC
1618,FICO,NFLX
1619,GE,MAR
1620,FI,JPM
1621,AOS,RCL
1622,CCI,DTE
1623,BKNG,TT
1624,ODFL,PCAR
1625,DHI,IRM
1626,CTAS,HUBB
1627,IT,MSI
1628,ANET,JPM
1629,MAR,TT
1630,AME,KLAC
1631,FI,SNA
1632,PH,SNA
1633,ACGL,SNA
1634,MMC,TJX
1635,EW,UDR
1636,TT,VRTX
1637,LLY,MMC
1638,AJG,ETN
1639,GWW,IT
1640,CAH,MMC
1641,APH,RL
1642,AFL,PCAR
1643,KLAC,ROP
1644,LRCX,MAS
1645,VLTO,ZBRA
1646,DHI,NVDA
1647,NFLX,PCAR
1648,BKNG,COR
1649,MMC,TDG
1650,MAR,MSFT
1651,AOS,MSFT
1652,DHI,URI
1653,GRMN,MCO
1654,DHI,DRI
1655,AMP,PTC
1656,FICO,ORLY
1657,AMAT,AMD
1658,HLT,ROP
1659,CAT,MA
1660,ESS,SWK
1661,EQIX,LRCX
1662,ETN,META
1663,CDNS,COR
1664,DHI,TJX
1665,NFLX,NVDA
1666,LIN,WAB
1667,FAST,V
1668,BKNG,WAB
1669,BSX,ISRG
1670,AOS,OTIS
1671,IRM,NVR
1672,PANW,PHM
1673,AAPL,MSFT
1674,CPRT,LLY
1675,BIO,EL
1676,SNA,TDG
1677,CMG,NVDA
1678,AXON,TT
1679,MCO,V
1680,DHI,MA
1681,HUBB,PHM
1682,IPG,OMC
1683,ITW,PH
1684,ADI,ITW
1685,MPWR,NXPI
1686,APH,BSX
1687,BSX,ITW
1688,IR,PNR
1689,MMC,SNPS
1690,NVDA,ROP
1691,CAH,LIN
1692,GWW,NVDA
1693,ETN,RCL
1694,CBOE,LEN
1695,ILMN,KVUE
1696,IRM,RCL
1697,IRM,JBL
1698,PWR,VLTO
1699,ACN,FAST
1700,LW,MCD
1701,MAR,NOW
1702,HWM,ORLY
1703,DECK,MLM
1704,AMAT,NFLX
1705,IR,ROST
1706,MMC,PH
1707,IQV,VLTO
1708,PHM,URI
1709,MCK,PH
1710,LOW,VLTO
1711,MSI,PH
1712,DHI,VRTX
1713,PH,RCL
1714,LIN,VMC
1715,EXPD,OTIS
1716,ANET,VRTX
1717,LRCX,URI
1718,AMAT,IRM
1719,FICO,MAR
1720,HLT,SPG
1721,IT,UBER
1722,JPM,NVDA
1723,FI,MAR
1724,HIG,WAB
1725,CPT,ZBRA
1726,BSX,MLM
1727,BKNG,PTC
1728,COR,CPRT
1729,MAR,PTC
1730,MAS,SHW
1731,FICO,ROST
1732,CEG,MPC
1733,GE,HUBB
1734,COR,URI
1735,MCO,RCL
1736,ETN,ROP
1737,BRO,INTU
1738,NFLX,RCL
1739,BLDR,WAB
1740,IR,SNA
1741,COR,IT
1742,AJG,CEG
1743,GE,PTC
1744,EQR,EW
1745,AME,VLTO
1746,AME,CARR
1747,ES,PFE
1748,MSI,PWR
1749,ETN,SMCI
1750,CVS,TFC
1751,ANET,META
1752,MSI,SNPS
1753,MAR,TRGP
1754,HUBB,PTC
1755,BSX,TJX
1756,CMS,NI
1757,CDW,PCAR
1758,NFLX,URI
1759,HWM,MMC
1760,NOW,NTAP
1761,HUBB,NVR
1762,META,SNPS
1763,CFG,FITB
1764,ADBE,ROP
1765,INTU,META
1766,BSX,VMC
1767,LIN,ORCL
1768,DOC,PARA
1769,NVR,RCL
1770,BLDR,TT
1771,CDW,ETN
1772,HLT,IRM
1773,CBOE,NVDA
1774,JBL,MPC
1775,AJG,DECK
1776,HUBB,VRTX
1777,LIN,LRCX
1778,MTCH,TSN
1779,AMP,CDW
1780,AME,MLM
1781,ANET,LIN
1782,CBOE,PGR
1783,ROP,UBER
1784,MPC,TT
1785,NWS,ROP
1786,MLM,RSG
1787,D,IFF
1788,RL,TDG
1789,META,PH
1790,AXON,PCAR
1791,MA,MCO
1792,PWR,TJX
1793,AME,CPRT
1794,ACGL,PCAR
1795,NVR,ORCL
1796,LNT,WEC
1797,RL,VLTO
1798,BKNG,ODFL
1799,MAR,NVR
1800,COR,FI
1801,JBL,VMC
1802,PNR,UBER
1803,CFG,SCHW
1804,AME,FI
1805,CTLT,TSN
1806,AMZN,TYL
1807,AMP,CTAS
1808,TDG,VRTX
1809,CPRT,PTC
1810,GWW,IRM
1811,ISRG,MLM
1812,AME,BLDR
1813,CPRT,VRSK
1814,AME,V
1815,CTAS,PWR
1816,ROP,VRSK
1817,ACN,MCO
1818,AME,ORCL
1819,GE,URI
1820,HIG,TRV
1821,MCK,MPC
1822,ETN,TRGP
1823,ACN,NWS
1824,COST,HLT
1825,ACN,AMD
1826,AME,PTC
1827,LEN,TJX
1828,BRO,VRSK
1829,IR,PSX
1830,HWM,VRTX
1831,CBOE,GE
1832,KLAC,MSFT
1833,ANET,CMG
1834,CTAS,ORLY
1835,RL,V
1836,AXON,STLD
1837,EL,WBA
1838,GWW,MLM
1839,KLAC,NXPI
1840,CAT,ROST
1841,APH,NFLX
1842,AVGO,NFLX
1843,CPRT,MA
1844,ACGL,AXON
1845,BSX,IRM
1846,LIN,ORLY
1847,KLAC,MCK
1848,ETN,PSX
1849,ILMN,MAA
1850,AFL,JBL
1851,HLT,WAB
1852,GIS,KVUE
1853,RVTY,TECH
1854,APH,CAT
1855,DHI,RCL
1856,FI,VMC
1857,META,NVR
1858,MLM,VRSK
1859,NFLX,TT
1860,AME,COR
1861,CPRT,IRM
1862,IR,SMCI
1863,BLDR,SNA
1864,ANET,HLT
1865,CDNS,MA
1866,HLT,TDG
1867,MCO,PNR
1868,CTLT,GNRC
1869,MMC,ROP
1870,CAH,PWR
1871,LRCX,SMCI
1872,PTC,SNA
1873,APH,HLT
1874,KVUE,MAA
1875,CAH,PHM
1876,AVB,LYV
1877,CBOE,V
1878,APH,CDNS
1879,CDNS,SNA
1880,PHM,ROP
1881,GWW,MCK
1882,MA,UBER
1883,EQR,GNRC
1884,HWM,SMCI
1885,AOS,IR
1886,ISRG,SYK
1887,DRI,LEN
1888,BLDR,PANW
1889,ROP,VMC
1890,AOS,NVDA
1891,AJG,GWW
1892,D,DTE
1893,EXPE,FFIV
1894,DOC,NTRS
1895,CDNS,MMC
1896,CDNS,PANW
1897,NOW,ROP
1898,HWM,OTIS
1899,CAH,LLY
1900,HUBB,TDG
1901,IT,JPM
1902,CFG,HBAN
1903,INTU,ROP
1904,DOC,SBAC
1905,MSI,VRTX
1906,BKNG,VMC
1907,CPT,TECH
1908,MMC,PCAR
1909,COST,UBER
1910,DECK,LRCX
1911,EQR,MTCH
1912,AJG,GE
1913,HD,NDSN
1914,HLT,V
1915,AOS,FICO
1916,CMG,PH
1917,NVDA,VRSK
1918,NFLX,SYK
1919,MAR,MCO
1920,MMC,V
1921,KEY,NTRS
1922,KLAC,PNR
1923,FI,PNR
1924,CDW,KLAC
1925,BSX,CAH
1926,NTRS,USB
1927,AJG,SNA
1928,COR,SNPS
1929,PH,VRTX
1930,LEN,MAR
1931,INTU,NVDA
1932,HUBB,ORCL
1933,DRI,PWR
1934,ANET,ROP
1935,AXON,GE
1936,BKNG,MMC
1937,NXPI,PH
1938,APH,BLDR
1939,CFG,USB
1940,AMP,NUE
1941,IRM,META
1942,LVS,YUM
1943,BAC,CFG
1944,AEE,EXC
1945,GE,LLY
1946,JBL,SNA
1947,KLAC,NFLX
1948,NUE,URI
1949,BKNG,MSFT
1950,BLDR,NFLX
1951,COR,MMC
1952,AME,CAH
1953,AMAT,ANET
1954,PARA,ZBRA
1955,CVS,KEY
1956,CMG,PCAR
1957,FI,ITW
1958,MLM,URI
1959,NTRS,SBAC
1960,CBOE,DHI
1961,ETN,IT
1962,LRCX,MPWR
1963,DHI,ORLY
1964,AME,AXON
1965,MA,TT
1966,DOC,MOS
1967,BR,RSG
1968,ITW,URI
1969,SYF,WFC
1970,ETN,VRTX
1971,CMG,KLAC
1972,NFLX,PHM
1973,CPRT,ODFL
1974,NXPI,VMC
1975,MSI,PHM
1976,CRM,PNR
1977,IR,ORLY
1978,ARE,KEY
1979,MSFT,V
1980,LRCX,TT
1981,APH,NVR
1982,ARE,CPT
1983,FICO,PSX
1984,GE,WAB
1985,AME,SYK
1986,CBOE,MSI
1987,LEN,ORLY
1988,BLDR,CBOE
1989,AME,MCHP
1990,PH,PSX
1991,CTAS,NFLX
1992,COST,NOW
1993,LEN,OTIS
1994,DECK,PSX
1995,MCO,NXPI
1996,DRI,GWW
1997,ECL,MAS
1998,CTAS,PSX
1999,NFLX,WAB
2000,CMG,PTC
2001,LVS,SBUX
2002,PH,ROP
2003,KVUE,MKC
2004,ICE,NWS
2005,BSX,LRCX
2006,HLT,LRCX
2007,HLT,INTU
2008,COR,ROST
2009,ES,HRL
2010,TJX,WAB
2011,GE,MSFT
2012,AJG,ORCL
2013,CBOE,IT
2014,V,VMC
2015,IRM,MSFT
2016,CEG,CTAS
2017,KLAC,SMCI
2018,CDW,ROST
2019,AMP,HIG
2020,ACGL,GWW
2021,EXPE,RHI
2022,CEG,TJX
2023,SYK,TDG
2024,BAC,KEY
2025,PANW,SNPS
2026,AOS,BSX
2027,IR,MMC
2028,BSX,PWR
2029,BMY,DG
2030,NVR,OTIS
2031,KLAC,META
2032,FICO,MPC
2033,KVUE,SJM
2034,HUBB,VLTO
2035,AME,PHM
2036,LIN,PNR
2037,NVR,ODFL
2038,POOL,QRVO
2039,BLDR,VRTX
2040,ORLY,PCG
2041,CPRT,META
2042,PTC,VMC
2043,CRM,GRMN
2044,HIG,SPG
2045,NOW,SPGI
2046,FAST,KLAC
2047,CRM,MLM
2048,MAS,NXPI
2049,ACN,NWSA
2050,GWW,VMC
2051,CBOE,RSG
2052,APH,CBOE
2053,AMZN,GOOG
2054,FTV,HUBB
2055,AOS,MAR
2056,DD,HPE
2057,AMT,DTE
2058,HLT,MLM
2059,AMZN,GOOGL
2060,CEG,TT
2061,AXON,REGN
2062,FI,HUBB
2063,BKNG,SYK
2064,COR,SMCI
2065,FICO,VMC
2066,CMA,NTRS
2067,BKNG,CBOE
2068,JBL,ORCL
2069,AFL,MCK
2070,BSX,RL
2071,LULU,ROP
2072,PNR,VRSK
2073,TDG,TJX
2074,ITW,ORLY
2075,LLY,MLM
2076,VLTO,VMC
2077,HIG,URI
2078,ORCL,VMC
2079,CPT,RVTY
2080,LIN,MLM
2081,ISRG,VMC
2082,AOS,SYK
2083,OMC,WYNN
2084,LIN,ROP
2085,AMD,MPWR
2086,HIG,ROST
2087,COR,NFLX
2088,ANET,LULU
2089,OTIS,SNA
2090,NVDA,NXPI
2091,NWSA,ROP
2092,FICO,MMC
2093,APH,PSX
2094,BLDR,ORCL
2095,PH,RL
2096,DECK,ROST
2097,DHI,EXPD
2098,APH,SNPS
2099,ODFL,TJX
2100,PH,SMCI
2101,MLM,MMC
2102,NFLX,V
2103,AMP,HWM
2104,CMG,ETN
2105,AVGO,RSG
2106,CARR,IR
2107,CDNS,PNR
2108,AMP,ETN
2109,CBOE,CEG
2110,ARE,CMA
2111,COST,NWS
2112,CAT,CDW
2113,INTU,TDG
2114,CPRT,UBER
2115,DECK,SMCI
2116,CARR,RCL
2117,DRI,HUBB
2118,ACGL,FICO
2119,MMC,PHM
2120,COR,FAST
2121,TECH,UDR
2122,IRM,RSG
2123,CARR,MLM
2124,ILMN,RVTY
2125,NVDA,PTC
2126,LLY,LRCX
2127,CDNS,MCK
2128,MSI,V
2129,CARR,JPM
2130,MCK,SNPS
2131,JPM,TJX
2132,CAH,SNPS
2133,CAH,GE
2134,ITW,TDG
2135,LEN,SYK
2136,CPRT,TJX
2137,ETN,MPC
2138,HUBB,LLY
2139,CAT,TJX
2140,AVGO,MCO
2141,EQIX,MLM
2142,ACGL,MMC
2143,MSFT,RSG
2144,AOS,NXPI
2145,DECK,MPC
2146,ACN,ECL
2147,MDLZ,MNST
2148,AJG,VRTX
2149,HWM,IT
2150,CAT,PSX
2151,CARR,MMC
2152,HUBB,MSI
2153,LLY,SMCI
2154,AME,BKNG
2155,JBL,MLM
2156,BLK,SPG
2157,MA,NXPI
2158,PH,TRGP
2159,MCD,YUM
2160,BKNG,TRGP
2161,AME,ISRG
2162,AMP,NFLX
2163,AFL,CBOE
2164,DTE,DUK
2165,META,V
2166,CARR,IRM
2167,TJX,VRTX
2168,ANET,MSI
2169,AIG,HIG
2170,CTAS,ROP
2171,IFF,MMM
2172,AME,DECK
2173,JBL,UBER
2174,ANET,NFLX
2175,AFL,ETN
2176,BLDR,URI
2177,DECK,RSG
2178,ES,WBA
2179,LEN,RCL
2180,NVDA,TT
2181,CARR,JBL
2182,BLDR,NXPI
2183,BSX,ROST
2184,EQIX,SPGI
2185,MA,SNPS
2186,AXON,DECK
2187,CCI,PARA
2188,PANW,RSG
2189,ADBE,META
2190,FICO,PGR
2191,MCK,MMC
2192,JBL,PWR
2193,DOC,MMM
2194,FAST,MAS
2195,HWM,MCK
2196,KLAC,MMC
2197,ANET,CDW
2198,HWM,META
2199,ECL,UBER
2200,FTV,PWR
2201,URI,VMC
2202,MAS,MPWR
2203,CMG,LRCX
2204,DECK,NFLX
2205,NWSA,SPG
2206,DECK,SNA
2207,HIG,JPM
2208,GE,ROP
2209,WBD,ZBRA
2210,SYK,V
2211,CTAS,PGR
2212,AJG,PH
2213,CARR,NXPI
2214,CMG,COR
2215,ADI,PPG
2216,FICO,ITW
2217,PWR,SNPS
2218,AXON,LIN
2219,ITW,PWR
2220,CEG,DECK
2221,HD,SPG
2222,HLT,RL
2223,ECL,MPWR
2224,MAR,NWS
2225,AEE,ES
2226,CDW,PTC
2227,TT,VMC
2228,REGN,TT
2229,JBL,VRTX
2230,HUBB,LIN
2231,MSFT,NVR
2232,INTU,NWS
2233,AOS,KLAC
2234,ES,XEL
2235,CARR,GE
2236,BSX,HUBB
2237,EXR,PSA
2238,LLY,TJX
2239,CDW,PSX
2240,CDW,FICO
2241,AMAT,RL
2242,MMC,ODFL
2243,CBOE,LIN
2244,PCAR,PNR
2245,ADBE,INTU
2246,ECL,INTU
2247,AMAT,LIN
2248,NVR,TJX
2249,AMAT,HLT
2250,ORCL,ORLY
2251,PH,ROST
2252,AOS,CDNS
2253,AMD,GRMN
2254,AJG,TDG
2255,CMG,VRTX
2256,BKNG,PWR
2257,CAT,TT
2258,AMD,AVGO
2259,AMAT,ECL
2260,AFL,JPM
2261,ANET,MA
2262,CAT,MAR
2263,CAH,DRI
2264,NDSN,VLTO
2265,ANET,RSG
2266,HIG,RL
2267,INTC,STX
2268,AOS,CRM
2269,PTC,PWR
2270,LLY,PSX
2271,CAT,TRGP
2272,AXON,ROST
2273,FI,OTIS
2274,COR,RCL
2275,AMD,MU
2276,EXPD,LEN
2277,CPB,GIS
2278,CPRT,NFLX
2279,RL,TT
2280,GWW,NFLX
2281,AVGO,HLT
2282,MPC,PH
2283,MMC,WMT
2284,CARR,CAT
2285,CPT,D
2286,LIN,SYK
2287,EXPD,LIN
2288,BLDR,CRM
2289,PNR,VLTO
2290,APH,INTU
2291,IT,LEN
2292,CAG,PODD
2293,LULU,UBER
2294,HWM,SYK
2295,ESS,INVH
2296,AJG,PWR
2297,CVS,MTB
2298,RSG,TDG
2299,META,VRSK
2300,CBOE,INTU
2301,KLAC,VRTX
2302,DECK,MA
2303,CTAS,SNA
2304,MDLZ,YUM
2305,CARR,ROP
2306,AJG,HWM
2307,IBM,KLAC
2308,JBL,V
2309,CPT,GNRC
2310,AMP,STLD
2311,AMP,FICO
2312,AME,RCL
2313,AMAT,URI
2314,MMC,TRGP
2315,CBOE,MMC
2316,HLT,RCL
2317,MA,RL
2318,EMN,WY
2319,AMAT,GRMN
2320,MSFT,RCL
2321,MAS,NOW
2322,JBL,LRCX
2323,KLAC,PWR
2324,AME,FTV
2325,DHI,OTIS
2326,AZO,MSI
2327,IRM,PANW
2328,ISRG,JPM
2329,PARA,TSN
2330,BSX,DRI
2331,CEG,PCAR
2332,LRCX,NFLX
2333,ETN,MSI
2334,LIN,LLY
2335,AME,MMC
2336,LEN,RL
2337,ODFL,TDG
2338,EL,FMC
2339,ANET,PGR
2340,AME,EXPD
2341,BKNG,CAT
2342,BAC,USB
2343,DECK,MAR
2344,IFF,NTRS
2345,BR,IRM
2346,AOS,ITW
2347,AMD,MAS
2348,AFL,MPC
2349,BSX,VRTX
2350,LIN,TRGP
2351,CAT,TXT
2352,PTC,ROST
2353,IRM,MCO
2354,CMG,IRM
2355,ETN,MSFT
2356,CRM,MCO
2357,CDNS,RSG
2358,AMP,GWW
2359,IBM,PTC
2360,GWW,LRCX
2361,AMAT,LEN
2362,META,ROP
2363,AOS,GWW
2364,MMC,MSI
2365,EVRG,LNT
2366,OKE,TRGP
2367,MA,META
2368,FICO,PNR
2369,L,NWS
2370,BX,NTAP
2371,CAH,MPC
2372,FAST,MA
2373,CARR,PHM
2374,FAST,PNR
2375,AJG,IR
2376,IR,ODFL
2377,BR,UBER
2378,NWS,SPG
2379,ETN,PANW
2380,BSX,MAR
2381,COR,TJX
2382,AMAT,COR
2383,AVGO,VRTX
2384,TPR,VLTO
2385,ITW,TT
2386,AOS,IRM
2387,CARR,NVR
2388,MAR,MAS
2389,PCAR,RL
2390,TXT,URI
2391,CCI,MMM
2392,ACGL,BSX
2393,ECL,MAR
2394,AME,AOS
2395,CMG,TT
2396,BSX,SNA
2397,NXPI,TEL
2398,AMAT,CPRT
2399,ACGL,HUBB
2400,CARR,PCAR
2401,APH,IBM
2402,MCHP,SNA
2403,FAST,PH
2404,META,SMCI
2405,DHR,VLTO
2406,CTLT,D
2407,LIN,MAR
2408,CDNS,MAR
2409,APH,BKNG
2410,CDW,CTAS
2411,JPM,SYK
2412,DHI,IT
2413,NVR,ORLY
2414,EQIX,TDG
2415,CARR,TDG
2416,BLDR,CARR
2417,CAH,KLAC
2418,NTRS,PARA
2419,INTU,RSG
2420,IRM,PWR
2421,CAH,ROST
2422,AMP,TDG
2423,ADBE,VRSK
2424,AFL,IR
2425,COR,META
2426,IBM,WAB
2427,GRMN,MSFT
2428,MCK,PSX
2429,BSX,JBL
2430,HUBB,TT
2431,SMCI,TDG
2432,DTE,SBAC
2433,EVRG,XEL
2434,ACGL,PCG
2435,FTV,IR
2436,GWW,LLY
2437,ETN,SNA
2438,IR,RCL
2439,ADBE,LRCX
2440,INTU,SNPS
2441,ORLY,TT
2442,ADBE,GOOG
2443,AXON,LEN
2444,COR,MSI
2445,KLAC,TJX
2446,JBL,MSI
2447,BMY,HRL
2448,MOS,PARA
2449,COR,MSFT
2450,MCD,ROL
2451,PANW,PH
2452,MCO,TDG
2453,AXON,DRI
2454,AFL,MSI
2455,BKNG,LLY
2456,CAT,VMC
2457,HUBB,KLAC
2458,CRM,MAR
2459,SNPS,VRTX
2460,CMI,XYL
2461,MMC,PWR
2462,AXON,IR
2463,AEP,CMS
2464,FI,SYK
2465,VMC,VRSK
2466,FAST,NWS
2467,EG,TJX
2468,FI,VRTX
2469,CBOE,PSX
2470,NXPI,TDG
2471,AXON,EG
2472,ITW,PTC
2473,CDW,MPC
2474,ODFL,ORCL
2475,MA,OTIS
2476,AOS,PCAR
2477,COR,PANW
2478,NVDA,URI
2479,AOS,ETN
2480,RL,SPG
2481,BALL,ESS
2482,AFL,AME
2483,CCI,DOC
2484,APH,ITW
2485,AMD,PANW
2486,ETN,ROST
2487,NOW,NWS
2488,KLAC,MSI
2489,MSFT,PH
2490,AFL,PH
2491,MMC,ORLY
2492,CDW,IT
2493,LLY,RSG
2494,FI,RSG
2495,KLAC,RL
2496,APH,NVDA
2497,SNA,VMC
2498,LEN,MSFT
2499,EQIX,NXPI
2500,ECL,NVDA
2501,AMAT,WAB
2502,LIN,RCL
2503,APH,GE
2504,ORCL,PNR
2505,AMAT,APH
2506,AOS,WAB
2507,NVR,RL
2508,BXP,CPT
2509,RSG,SNPS
2510,CEG,ETN
2511,DRI,OTIS
2512,MCK,TDG
2513,SNPS,VMC
2514,FIS,TRMB
2515,ECL,SPGI
2516,ETN,INTU
2517,CDNS,URI
2518,LLY,MPC
2519,HLT,MA
2520,CBOE,MLM
2521,MMC,SNA
2522,GWW,MA
2523,BSX,CBOE
2524,RL,UBER
2525,ACGL,AME
2526,JBL,JPM
2527,BSX,REGN
2528,ANET,AOS
2529,ACGL,MPC
2530,INTU,KLAC
2531,APH,MSI
2532,FANG,PSX
2533,PWR,VRTX
2534,AJG,TT
2535,IRM,NXPI
2536,PSX,URI
2537,BIO,MAA
2538,DOC,WBA
2539,CMG,VMC
2540,FIS,SBAC
2541,CPRT,TT
2542,CBOE,TJX
2543,HLT,TT
2544,PCAR,SMCI
2545,ORCL,PHM
2546,AMAT,SNPS
2547,HWM,MSFT
2548,CDNS,ODFL
2549,DHI,ORCL
2550,LRCX,RL
2551,ISRG,NVR
2552,PNR,SNPS
2553,MA,SYK
2554,CDW,V
2555,IRM,IT
2556,CBOE,MAR
2557,CBOE,LRCX
2558,MU,NOW
2559,CARR,WAB
2560,AMD,NVDA
2561,GL,STLD
2562,ORLY,VRTX
2563,APH,CARR
2564,NVR,VRTX
2565,LLY,META
2566,CBOE,NVR
2567,BAX,FIS
2568,BSX,MMC
2569,GRMN,PKG
2570,AMAT,BSX
2571,NVDA,WAB
2572,DRI,GE
2573,EQIX,VMC
2574,CDNS,ORCL
2575,CRM,MPWR
2576,HCA,ISRG
2577,CDNS,VMC
2578,AFL,LIN
2579,FTV,VMC
2580,LIN,OTIS
2581,CAT,HWM
2582,AXON,NVR
2583,CFG,CMA
2584,ACGL,NVR
2585,CDNS,TJX
2586,AOS,NFLX
2587,ARE,CFG
2588,COST,NTAP
2589,CRM,TDG
2590,ICE,VLTO
2591,BKNG,NXPI
2592,ROP,TRGP
2593,CPAY,GOOGL
2594,BLDR,MMC
2595,AMCR,ES
2596,STX,WDC
2597,HWM,ROST
2598,CBOE,LULU
2599,FFIV,UNP
2600,COST,PANW
2601,EXPD,MCHP
2602,AOS,URI
2603,CAH,FI
2604,HUBB,MMC
2605,NFLX,RL
2606,FAST,RCL
2607,CMG,PWR
2608,GWW,PGR
2609,ITW,STLD
2610,ANET,MCK
2611,JBL,PNR
2612,DECK,VMC
2613,HOLX,KVUE
2614,CPRT,VRTX
2615,APH,TJX
2616,NEM,PARA
2617,JPM,SPG
2618,DHI,MAR
2619,DRI,HWM
2620,PCAR,PGR
2621,LLY,MAR
2622,CBOE,MPC
2623,AOS,UBER
2624,AKAM,DLR
2625,HLT,L
2626,CPAY,GOOG
2627,MMC,NVDA
2628,PARA,WBD
2629,MAR,SNPS
2630,CDNS,WAB
2631,DRI,TJX
2632,HWM,ODFL
2633,ORLY,TDG
2634,PHM,TJX
2635,AZO,MRK
2636,CAT,COR
2637,META,RCL
2638,IR,MPC
2639,DRI,NVR
2640,UDR,WBD
2641,EMN,VTR
2642,CAT,IRM
2643,AOS,VMC
2644,FICO,ODFL
2645,CMG,HUBB
2646,IRM,VRTX
2647,CTAS,INTU
2648,ACGL,ITW
2649,HLT,MCO
2650,RL,SYK
2651,ADBE,GOOGL
2652,FAST,PHM
2653,HWM,RCL
2654,IR,ROP
2655,TJX,URI
2656,AFL,PTC
2657,AXON,CAH
2658,CMG,V
2659,EQIX,MSFT
2660,HUBB,SNPS
2661,APA,MRO
2662,CBOE,PANW
2663,MTCH,PARA
2664,COR,RSG
2665,CBOE,CMG
2666,ECL,PNR
2667,ACGL,AFL
2668,MA,TRGP
2669,BSX,PNR
2670,AME,IT
2671,EQIX,OTIS
2672,NVDA,PWR
2673,GEN,PNC
2674,EXPD,MA
2675,PWR,TT
2676,BLK,HD
2677,APH,NXPI
2678,KLAC,PANW
2679,CPRT,RCL
2680,AMAT,PCAR
2681,HLT,PH
2682,AVGO,ECL
2683,KVUE,PEP
2684,BSX,SNPS
2685,CARR,DHI
2686,WYNN,YUM
2687,EXPD,NVR
2688,CEG,HUBB
2689,BKNG,EQIX
2690,ITW,ROST
2691,CTAS,PANW
2692,HRL,WBA
2693,MAS,UBER
2694,ANET,NOW
2695,ITW,V
2696,ADBE,AVGO
2697,AME,JBL
2698,AFL,TRGP
2699,JBL,TRGP
2700,LULU,MLM
2701,MAR,NWSA
2702,CAH,CMG
2703,PNR,URI
2704,PSA,UDR
2705,COR,HUBB
2706,ETN,NXPI
2707,CARR,CPRT
2708,AVGO,MAS
2709,MLM,PWR
2710,AFL,WAB
2711,CDNS,ORLY
2712,AEP,DTE
2713,CARR,ORCL
2714,MCD,ORLY
2715,CMG,META
2716,ICE,SPGI
2717,DOW,VLTO
2718,OTIS,V
2719,CAT,KLAC
2720,CDW,TDG
2721,BR,BRO
2722,RCL,V
2723,KLAC,ROST
2724,AFL,CEG
2725,INTU,NTAP
2726,FANG,MPC
2727,ETN,ORLY
2728,ORLY,PH
2729,MCD,MSI
2730,COR,PSX
2731,ROST,TDG
2732,EQIX,IRM
2733,ITW,SYK
2734,CMG,NFLX
2735,AMAT,CARR
2736,DG,EL
2737,ECL,PANW
2738,MCK,MSI
2739,FICO,ROP
2740,CMA,FIS
2741,BLDR,SMCI
2742,AME,ODFL
2743,MCO,UBER
2744,BLDR,ROP
2745,LEN,LLY
2746,INTU,PH
2747,AME,IRM
2748,ODFL,VMC
2749,AJG,PHM
2750,BIIB,KVUE
2751,KLAC,RSG
2752,MDLZ,OTIS
2753,AME,NUE
2754,NOW,PNR
2755,AMAT,ISRG
2756,CAT,V
2757,BKNG,ITW
2758,BKNG,FAST
2759,AXON,DHI
2760,BKNG,SNA
2761,NOW,TTWO
2762,HWM,ORCL
2763,HLT,IR
2764,EQIX,FAST
2765,ACGL,HWM
2766,MSI,WAB
2767,COR,LULU
2768,INTU,MCO
2769,AMP,VMC
2770,AMP,AXON
2771,AMAT,FICO
2772,CBOE,WAB
2773,AJG,MPC
2774,ACN,BRO
2775,ACN,CRM
2776,DG,ES
2777,COR,IBM
2778,AIG,SPG
2779,BALL,BXP
2780,MLM,SMCI
2781,AME,PNR
2782,LLY,V
2783,PSX,TJX
2784,MPWR,VLTO
2785,GRMN,NWS
2786,MPC,PGR
2787,FI,MPWR
2788,DOC,IFF
2789,CRM,PHM
2790,FICO,PANW
2791,FI,NFLX
2792,AMAT,CDNS
2793,NTAP,NWS
2794,COST,MAR
2795,ISRG,RCL
2796,FIS,GNRC
2797,MCO,NWSA
2798,CARR,PWR
2799,AOS,EXPD
2800,CMG,PANW
2801,NTAP,SPGI
2802,ROP,WAB
2803,FI,MSFT
2804,HWM,ROP
2805,NOW,TDG
2806,GEN,USB
2807,ISRG,MCO
2808,AVGO,RL
2809,CAT,ITW
2810,AFL,COR
2811,OTIS,YUM
2812,IT,TJX
2813,CCI,CPT
2814,MCO,NWS
2815,ADBE,MCO
2816,NXPI,URI
2817,BLDR,FAST
2818,CARR,MAR
2819,EQR,MAA
2820,PANW,RCL
2821,FAST,MPWR
2822,AMAT,AME
2823,CPRT,ROP
2824,FSLR,LVS
2825,ODFL,URI
2826,NVR,ROP
2827,CEG,JBL
2828,HUBB,MLM
2829,BSX,IT
2830,AMP,KLAC
2831,HUBB,ITW
2832,GL,ROST
2833,BALL,TFX
2834,COST,NWSA
2835,COR,ISRG
2836,CPRT,JPM
2837,ETN,ORCL
2838,FI,RL
2839,CARR,URI
2840,HWM,NXPI
2841,AOS,META
2842,CAT,NUE
2843,AMP,BSX
2844,AMAT,PANW
2845,AOS,SNPS
2846,AMP,DECK
2847,NFLX,PNR
2848,ECL,EQIX
2849,CBOE,FI
2850,INTC,WELL
2851,HIG,IBM
2852,MSI,ROST
2853,LIN,URI
2854,FIS,IFF
2855,COR,HLT
2856,HWM,RSG
2857,MCK,ORLY
2858,EQIX,RCL
2859,EXPD,PPG
2860,AMP,LEN
2861,ODFL,PHM
2862,GE,OTIS
2863,MAS,MLM
2864,ETN,FTV
2865,ECL,GRMN
2866,EG,ORLY
2867,MMC,NVR
2868,KLAC,MCO
2869,NXPI,WAB
2870,ACN,MU
2871,ACGL,ODFL
2872,MA,MSFT
2873,MCD,SNA
2874,IDXX,MGM
2875,CDW,TRGP
2876,APH,HD
2877,DFS,VLTO
2878,L,NWSA
2879,CARR,ITW
2880,INTU,V
2881,META,NXPI
2882,RSG,VRTX
2883,JPM,PSX
2884,ACN,SHW
2885,CARR,KLAC
2886,JBL,URI
2887,AOS,CARR
2888,PCAR,VLTO
2889,FAST,NWSA
2890,IT,MCK
2891,DHI,SYK
2892,ARE,SBAC
2893,OKE,TXT
2894,INTU,LULU
2895,FAST,IR
2896,AXON,CTAS
2897,BX,MU
2898,EXPD,JPM
2899,ESS,MDT
2900,MAA,MTCH
2901,BEN,MS
2902,CARR,LRCX
2903,FITB,GEN
2904,MAA,WBA
2905,BKNG,ORCL
2906,BKNG,HLT
2907,EQIX,NVDA
2908,ETN,FAST
2909,ODFL,PWR
2910,CAH,ITW
2911,EQR,INVH
2912,MLM,NWS
2913,NXPI,PHM
2914,CEG,VRTX
2915,ANET,PSX
2916,MCK,PHM
2917,MHK,VLTO
2918,MSFT,VMC
2919,CEG,PTC
2920,META,VMC
2921,FICO,MSFT
2922,APH,ROP
2923,DECK,RL
2924,ADBE,PANW
2925,LULU,MAR
2926,BLDR,ODFL
2927,GOOG,NOW
2928,DRI,MDLZ
2929,SPG,WAB
2930,JPM,TRGP
2931,FAST,JPM
2932,NXPI,V
2933,BSX,OTIS
2934,AMP,CAH
2935,RJF,VLTO
2936,EQR,MDT
2937,AMP,RL
2938,CTAS,ITW
2939,DHI,MMC
2940,TRGP,TXT
2941,BAX,GNRC
2942,PNR,PWR
2943,MA,RCL
2944,ROP,SNPS
2945,COR,RL
2946,KLAC,PSX
2947,CDW,JPM
2948,CTAS,IBM
2949,ITW,PHM
2950,FOXA,WBD
2951,JPM,OTIS
2952,BAX,BXP
2953,CTAS,MPC
2954,DOC,UDR
2955,AJG,BSX
2956,AXON,HWM
2957,AMP,DHI
2958,AKAM,INTC
2959,ACGL,CDNS
2960,LW,PCG
2961,OTIS,SYK
2962,ANET,CAH
2963,PARA,RVTY
2964,FAST,HWM
2965,ROST,V
2966,ITW,NUE
2967,FTV,PH
2968,MMM,NTRS
2969,HLT,NOW
2970,JBL,MA
2971,LLY,VMC
2972,AXON,AZO
2973,IR,NXPI
2974,BR,SNPS
2975,ODFL,SNPS
2976,ACN,MSFT
2977,AMAT,INTU
2978,LEN,ORCL
2979,BSX,RCL
2980,AJG,COR
2981,GIS,HSY
2982,DTE,EVRG
2983,CAT,LIN
2984,CBOE,MSFT
2985,JBL,WAB
2986,GE,VRTX
2987,DOC,TSN
2988,IRM,MCK
2989,JBL,META
2990,LLY,NVR
2991,KLAC,NOW
2992,BLDR,RSG
2993,AVGO,PWR
2994,CAH,WAB
2995,CTAS,MSFT
2996,GRMN,SPGI
2997,AFL,ORLY
2998,EQIX,NVR
2999,BKNG,NFLX
